child_id,parent_id
62247,62173
62248,62173
62249,62173
62250,62173
62251,62173
62252,62174
62253,62174
62254,62174
62255,62174
62256,62174
62257,62174
62258,62175
62259,62175
62260,62175
62261,62175
62262,62175
62263,62176
62264,62176
62265,62176
62266,62176
62267,62176
62268,62176
62269,62177
62270,62177
62271,62177
62272,62177
62273,62177
62274,62177
62275,62178
62276,62178
62277,62178
62278,62178
62279,62178
62280,62179
62281,62179
62282,62179
62283,62179
62284,62179
62285,62180
62286,62180
62287,62180
62288,62180
62289,62180
62290,62180
62291,62181
62292,62181
62293,62181
62294,62181
62295,62181
62296,62182
62297,62182
62298,62182
62299,62182
62300,62182
62301,62183
62302,62183
62303,62183
62304,62183
62305,62183
62306,62183
62307,62184
62308,62184
62309,62184
62310,62184
62311,62184
62312,62185
62313,62185
62314,62185
62315,62185
62316,62185
62317,62185
62318,62186
62319,62186
62320,62186
62321,62186
62322,62186
62323,62187
62324,62187
62325,62187
62326,62187
62327,62187
62328,62187
62329,62188
62330,62188
62331,62188
62332,62188
62333,62188
62334,62189
62335,62189
62336,62189
62337,62189
62338,62189
62339,62189
62340,62190
62341,62190
62342,62190
62343,62190
62344,62190
62345,62191
62346,62191
62347,62191
62348,62191
62349,62191
62350,62191
62351,62192
62352,62192
62353,62192
62354,62192
62355,62192
62356,62192
62357,62193
62358,62193
62359,62193
62360,62193
62361,62193
62362,62193
62363,62194
62364,62194
62365,62194
62366,62194
62367,62194
62368,62195
62369,62195
62370,62195
62371,62195
62372,62195
62373,62195
62374,62196
62375,62196
62376,62196
62377,62196
62378,62196
62379,62196
62380,62197
62381,62197
62382,62197
62383,62197
62384,62197
62385,62198
62386,62198
62387,62198
62388,62198
62389,62198
62390,62198
62391,62199
62392,62199
62393,62199
62394,62199
62395,62199
62396,62200
62397,62200
62398,62200
62399,62200
62400,62200
62401,62201
62402,62201
62403,62201
62404,62201
62405,62201
62406,62201
62407,62202
62408,62202
62409,62202
62410,62202
62411,62202
62412,62203
62413,62203
62414,62203
62415,62203
62416,62203
62417,62204
62418,62204
62419,62204
62420,62204
62421,62204
62422,62204
62423,62205
62424,62205
62425,62205
62426,62205
62427,62205
62428,62206
62429,62206
62430,62206
62431,62206
62432,62206
62433,62206
62434,62207
62435,62207
62436,62207
62437,62207
62438,62207
62439,62208
62440,62208
62441,62208
62442,62208
62443,62208
62444,62209
62445,62209
62446,62209
62447,62209
62448,62209
62449,62209
62450,62210
62451,62210
62452,62210
62453,62210
62454,62210
62455,62210
62456,62211
62457,62211
62458,62211
62459,62211
62460,62211
62461,62212
62462,62212
62463,62212
62464,62212
62465,62212
62466,62213
62467,62213
62468,62213
62469,62213
62470,62213
62471,62213
62472,62214
62473,62214
62474,62214
62475,62214
62476,62214
62477,62214
62478,62215
62479,62215
62480,62215
62481,62215
62482,62215
62483,62216
62484,62216
62485,62216
62486,62216
62487,62216
62488,62216
62489,62217
62490,62217
62491,62217
62492,62217
62493,62217
62494,62218
62495,62218
62496,62218
62497,62218
62498,62218
62499,62219
62500,62219
62501,62219
62502,62219
62503,62219
62504,62220
62505,62220
62506,62220
62507,62220
62508,62220
62509,62221
62510,62221
62511,62221
62512,62221
62513,62221
62514,62222
62515,62222
62516,62222
62517,62222
62518,62222
62519,62223
62520,62223
62521,62223
62522,62223
62523,62223
62524,62224
62525,62224
62526,62224
62527,62224
62528,62224
62529,62224
62530,62225
62531,62225
62532,62225
62533,62225
62534,62225
62535,62225
62536,62226
62537,62226
62538,62226
62539,62226
62540,62226
62541,62227
62542,62227
62543,62227
62544,62227
62545,62227
62546,62228
62547,62228
62548,62228
62549,62228
62550,62228
62551,62228
62552,62229
62553,62229
62554,62229
62555,62229
62556,62229
62557,62229
62558,62230
62559,62230
62560,62230
62561,62230
62562,62230
62563,62231
62564,62231
62565,62231
62566,62231
62567,62231
62568,62231
62569,62232
62570,62232
62571,62232
62572,62232
62573,62232
62574,62233
62575,62233
62576,62233
62577,62233
62578,62233
62579,62233
62580,62234
62581,62234
62582,62234
62583,62234
62584,62234
62585,62234
62586,62235
62587,62235
62588,62235
62589,62235
62590,62235
62591,62235
62592,62236
62593,62236
62594,62236
62595,62236
62596,62236
62597,62237
62598,62237
62599,62237
62600,62237
62601,62237
62602,62237
62603,62238
62604,62238
62605,62238
62606,62238
62607,62238
62608,62238
62609,62239
62610,62239
62611,62239
62612,62239
62613,62239
62614,62239
62615,62240
62616,62240
62617,62240
62618,62240
62619,62240
62620,62241
62621,62241
62622,62241
62623,62241
62624,62241
62625,62242
62626,62242
62627,62242
62628,62242
62629,62242
62630,62242
62631,62243
62632,62243
62633,62243
62634,62243
62635,62243
62636,62244
62637,62244
62638,62244
62639,62244
62640,62244
62641,62244
62642,62245
62643,62245
62644,62245
62645,62245
62646,62245
62647,62245
62648,62246
62649,62246
62650,62246
62651,62246
62652,62246
62653,62173
62654,62173
62655,62173
62656,62173
62657,62173
62658,62173
62659,62173
62660,62173
62661,62173
62662,62173
62663,62173
62664,62173
62665,62173
62666,62173
62667,62173
62668,62173
62669,62173
62670,62173
62671,62173
62672,62173
62673,62173
62674,62173
62675,62173
62676,62173
62677,62173
62678,62173
62679,62173
62680,62173
62681,62173
62682,62173
62683,62173
62684,62173
62685,62173
62686,62173
62687,62173
62688,62173
62689,62173
62690,62173
62691,62173
62692,62173
62693,62173
62694,62173
62695,62173
62696,62173
62697,62173
62698,62173
62699,62173
62700,62173
62701,62173
62702,62173
62703,62173
62704,62173
62705,62173
62706,62173
62707,62173
62708,62173
62709,62173
62710,62173
62711,62173
62712,62173
62713,62174
62714,62174
62715,62174
62716,62174
62717,62174
62718,62174
62719,62174
62720,62174
62721,62174
62722,62174
62723,62174
62724,62174
62725,62174
62726,62174
62727,62174
62728,62174
62729,62174
62730,62174
62731,62174
62732,62174
62733,62174
62734,62174
62735,62174
62736,62174
62737,62174
62738,62174
62739,62174
62740,62174
62741,62174
62742,62174
62743,62174
62744,62174
62745,62174
62746,62174
62747,62174
62748,62174
62749,62174
62750,62174
62751,62174
62752,62174
62753,62174
62754,62174
62755,62174
62756,62174
62757,62174
62758,62174
62759,62174
62760,62174
62761,62174
62762,62174
62763,62174
62764,62174
62765,62174
62766,62174
62767,62174
62768,62174
62769,62174
62770,62174
62771,62174
62772,62174
62773,62175
62774,62175
62775,62175
62776,62175
62777,62175
62778,62175
62779,62175
62780,62175
62781,62175
62782,62175
62783,62175
62784,62175
62785,62175
62786,62175
62787,62175
62788,62175
62789,62175
62790,62175
62791,62175
62792,62175
62793,62175
62794,62175
62795,62175
62796,62175
62797,62175
62798,62175
62799,62175
62800,62175
62801,62175
62802,62175
62803,62175
62804,62175
62805,62175
62806,62175
62807,62175
62808,62175
62809,62175
62810,62175
62811,62175
62812,62175
62813,62175
62814,62175
62815,62175
62816,62175
62817,62175
62818,62175
62819,62175
62820,62175
62821,62175
62822,62175
62823,62175
62824,62175
62825,62175
62826,62175
62827,62175
62828,62175
62829,62175
62830,62175
62831,62175
62832,62175
62833,62176
62834,62176
62835,62176
62836,62176
62837,62176
62838,62176
62839,62176
62840,62176
62841,62176
62842,62176
62843,62176
62844,62176
62845,62176
62846,62176
62847,62176
62848,62176
62849,62176
62850,62176
62851,62176
62852,62176
62853,62176
62854,62176
62855,62176
62856,62176
62857,62176
62858,62176
62859,62176
62860,62176
62861,62176
62862,62176
62863,62176
62864,62176
62865,62176
62866,62176
62867,62176
62868,62176
62869,62176
62870,62176
62871,62176
62872,62176
62873,62176
62874,62176
62875,62176
62876,62176
62877,62176
62878,62176
62879,62176
62880,62176
62881,62176
62882,62176
62883,62176
62884,62176
62885,62176
62886,62176
62887,62176
62888,62176
62889,62176
62890,62176
62891,62176
62892,62177
62893,62177
62894,62177
62895,62177
62896,62177
62897,62177
62898,62177
62899,62177
62900,62177
62901,62177
62902,62177
62903,62177
62904,62177
62905,62177
62906,62177
62907,62177
62908,62177
62909,62177
62910,62177
62911,62177
62912,62177
62913,62177
62914,62177
62915,62177
62916,62177
62917,62177
62918,62177
62919,62177
62920,62177
62921,62177
62922,62177
62923,62177
62924,62177
62925,62177
62926,62177
62927,62177
62928,62177
62929,62177
62930,62177
62931,62177
62932,62177
62933,62177
62934,62177
62935,62177
62936,62177
62937,62177
62938,62177
62939,62177
62940,62177
62941,62177
62942,62177
62943,62177
62944,62177
62945,62177
62946,62177
62947,62177
62948,62177
62949,62177
62950,62177
62951,62178
62952,62178
62953,62178
62954,62178
62955,62178
62956,62178
62957,62178
62958,62178
62959,62178
62960,62178
62961,62178
62962,62178
62963,62178
62964,62178
62965,62178
62966,62178
62967,62178
62968,62178
62969,62178
62970,62178
62971,62178
62972,62178
62973,62178
62974,62178
62975,62178
62976,62178
62977,62178
62978,62178
62979,62178
62980,62178
62981,62178
62982,62178
62983,62178
62984,62178
62985,62178
62986,62178
62987,62178
62988,62178
62989,62178
62990,62178
62991,62178
62992,62178
62993,62178
62994,62178
62995,62178
62996,62178
62997,62178
62998,62178
62999,62178
63000,62178
63001,62178
63002,62178
63003,62178
63004,62178
63005,62178
63006,62178
63007,62178
63008,62178
63009,62178
63010,62179
63011,62179
63012,62179
63013,62179
63014,62179
63015,62179
63016,62179
63017,62179
63018,62179
63019,62179
63020,62179
63021,62179
63022,62179
63023,62179
63024,62179
63025,62179
63026,62179
63027,62179
63028,62179
63029,62179
63030,62179
63031,62179
63032,62179
63033,62179
63034,62179
63035,62179
63036,62179
63037,62179
63038,62179
63039,62179
63040,62179
63041,62179
63042,62179
63043,62179
63044,62179
63045,62179
63046,62179
63047,62179
63048,62179
63049,62179
63050,62179
63051,62179
63052,62179
63053,62179
63054,62179
63055,62179
63056,62179
63057,62179
63058,62179
63059,62179
63060,62179
63061,62179
63062,62179
63063,62179
63064,62179
63065,62179
63066,62179
63067,62179
63068,62179
63069,62179
63070,62180
63071,62180
63072,62180
63073,62180
63074,62180
63075,62180
63076,62180
63077,62180
63078,62180
63079,62180
63080,62180
63081,62180
63082,62180
63083,62180
63084,62180
63085,62180
63086,62180
63087,62180
63088,62180
63089,62180
63090,62180
63091,62180
63092,62180
63093,62180
63094,62180
63095,62180
63096,62180
63097,62180
63098,62180
63099,62180
63100,62180
63101,62180
63102,62180
63103,62180
63104,62180
63105,62180
63106,62180
63107,62180
63108,62180
63109,62180
63110,62180
63111,62180
63112,62180
63113,62180
63114,62180
63115,62180
63116,62180
63117,62180
63118,62180
63119,62180
63120,62180
63121,62180
63122,62180
63123,62180
63124,62180
63125,62180
63126,62180
63127,62180
63128,62180
63129,62180
63130,62181
63131,62181
63132,62181
63133,62181
63134,62181
63135,62181
63136,62181
63137,62181
63138,62181
63139,62181
63140,62181
63141,62181
63142,62181
63143,62181
63144,62181
63145,62181
63146,62181
63147,62181
63148,62181
63149,62181
63150,62181
63151,62181
63152,62181
63153,62181
63154,62181
63155,62181
63156,62181
63157,62181
63158,62181
63159,62181
63160,62181
63161,62181
63162,62181
63163,62181
63164,62181
63165,62181
63166,62181
63167,62181
63168,62181
63169,62181
63170,62181
63171,62181
63172,62181
63173,62181
63174,62181
63175,62181
63176,62181
63177,62181
63178,62181
63179,62181
63180,62181
63181,62181
63182,62181
63183,62181
63184,62181
63185,62181
63186,62181
63187,62181
63188,62181
63189,62181
63190,62182
63191,62182
63192,62182
63193,62182
63194,62182
63195,62182
63196,62182
63197,62182
63198,62182
63199,62182
63200,62182
63201,62182
63202,62182
63203,62182
63204,62182
63205,62182
63206,62182
63207,62182
63208,62182
63209,62182
63210,62182
63211,62182
63212,62182
63213,62182
63214,62182
63215,62182
63216,62182
63217,62182
63218,62182
63219,62182
63220,62182
63221,62182
63222,62182
63223,62182
63224,62182
63225,62182
63226,62182
63227,62182
63228,62182
63229,62182
63230,62182
63231,62182
63232,62182
63233,62182
63234,62182
63235,62182
63236,62182
63237,62182
63238,62182
63239,62182
63240,62182
63241,62182
63242,62182
63243,62182
63244,62182
63245,62182
63246,62182
63247,62182
63248,62182
63249,62183
63250,62183
63251,62183
63252,62183
63253,62183
63254,62183
63255,62183
63256,62183
63257,62183
63258,62183
63259,62183
63260,62183
63261,62183
63262,62183
63263,62183
63264,62183
63265,62183
63266,62183
63267,62183
63268,62183
63269,62183
63270,62183
63271,62183
63272,62183
63273,62183
63274,62183
63275,62183
63276,62183
63277,62183
63278,62183
63279,62183
63280,62183
63281,62183
63282,62183
63283,62183
63284,62183
63285,62183
63286,62183
63287,62183
63288,62183
63289,62183
63290,62183
63291,62183
63292,62183
63293,62183
63294,62183
63295,62183
63296,62183
63297,62183
63298,62183
63299,62183
63300,62183
63301,62183
63302,62183
63303,62183
63304,62183
63305,62183
63306,62183
63307,62183
63308,62184
63309,62184
63310,62184
63311,62184
63312,62184
63313,62184
63314,62184
63315,62184
63316,62184
63317,62184
63318,62184
63319,62184
63320,62184
63321,62184
63322,62184
63323,62184
63324,62184
63325,62184
63326,62184
63327,62184
63328,62184
63329,62184
63330,62184
63331,62184
63332,62184
63333,62184
63334,62184
63335,62184
63336,62184
63337,62184
63338,62184
63339,62184
63340,62184
63341,62184
63342,62184
63343,62184
63344,62184
63345,62184
63346,62184
63347,62184
63348,62184
63349,62184
63350,62184
63351,62184
63352,62184
63353,62184
63354,62184
63355,62184
63356,62184
63357,62184
63358,62184
63359,62184
63360,62184
63361,62184
63362,62184
63363,62184
63364,62184
63365,62184
63366,62184
63367,62185
63368,62185
63369,62185
63370,62185
63371,62185
63372,62185
63373,62185
63374,62185
63375,62185
63376,62185
63377,62185
63378,62185
63379,62185
63380,62185
63381,62185
63382,62185
63383,62185
63384,62185
63385,62185
63386,62185
63387,62185
63388,62185
63389,62185
63390,62185
63391,62185
63392,62185
63393,62185
63394,62185
63395,62185
63396,62185
63397,62185
63398,62185
63399,62185
63400,62185
63401,62185
63402,62185
63403,62185
63404,62185
63405,62185
63406,62185
63407,62185
63408,62185
63409,62185
63410,62185
63411,62185
63412,62185
63413,62185
63414,62185
63415,62185
63416,62185
63417,62185
63418,62185
63419,62185
63420,62185
63421,62185
63422,62185
63423,62185
63424,62185
63425,62185
63426,62185
63427,62186
63428,62186
63429,62186
63430,62186
63431,62186
63432,62186
63433,62186
63434,62186
63435,62186
63436,62186
63437,62186
63438,62186
63439,62186
63440,62186
63441,62186
63442,62186
63443,62186
63444,62186
63445,62186
63446,62186
63447,62186
63448,62186
63449,62186
63450,62186
63451,62186
63452,62186
63453,62186
63454,62186
63455,62186
63456,62186
63457,62186
63458,62186
63459,62186
63460,62186
63461,62186
63462,62186
63463,62186
63464,62186
63465,62186
63466,62186
63467,62186
63468,62186
63469,62186
63470,62186
63471,62186
63472,62186
63473,62186
63474,62186
63475,62186
63476,62186
63477,62186
63478,62186
63479,62186
63480,62186
63481,62186
63482,62186
63483,62186
63484,62186
63485,62186
63486,62186
63487,62187
63488,62187
63489,62187
63490,62187
63491,62187
63492,62187
63493,62187
63494,62187
63495,62187
63496,62187
63497,62187
63498,62187
63499,62187
63500,62187
63501,62187
63502,62187
63503,62187
63504,62187
63505,62187
63506,62187
63507,62187
63508,62187
63509,62187
63510,62187
63511,62187
63512,62187
63513,62187
63514,62187
63515,62187
63516,62187
63517,62187
63518,62187
63519,62187
63520,62187
63521,62187
63522,62187
63523,62187
63524,62187
63525,62187
63526,62187
63527,62187
63528,62187
63529,62187
63530,62187
63531,62187
63532,62187
63533,62187
63534,62187
63535,62187
63536,62187
63537,62187
63538,62187
63539,62187
63540,62187
63541,62187
63542,62187
63543,62187
63544,62187
63545,62187
63546,62187
63547,62188
63548,62188
63549,62188
63550,62188
63551,62188
63552,62188
63553,62188
63554,62188
63555,62188
63556,62188
63557,62188
63558,62188
63559,62188
63560,62188
63561,62188
63562,62188
63563,62188
63564,62188
63565,62188
63566,62188
63567,62188
63568,62188
63569,62188
63570,62188
63571,62188
63572,62188
63573,62188
63574,62188
63575,62188
63576,62188
63577,62188
63578,62188
63579,62188
63580,62188
63581,62188
63582,62188
63583,62188
63584,62188
63585,62188
63586,62188
63587,62188
63588,62188
63589,62188
63590,62188
63591,62188
63592,62188
63593,62188
63594,62188
63595,62188
63596,62188
63597,62188
63598,62188
63599,62188
63600,62188
63601,62188
63602,62188
63603,62188
63604,62188
63605,62188
63606,62189
63607,62189
63608,62189
63609,62189
63610,62189
63611,62189
63612,62189
63613,62189
63614,62189
63615,62189
63616,62189
63617,62189
63618,62189
63619,62189
63620,62189
63621,62189
63622,62189
63623,62189
63624,62189
63625,62189
63626,62189
63627,62189
63628,62189
63629,62189
63630,62189
63631,62189
63632,62189
63633,62189
63634,62189
63635,62189
63636,62189
63637,62189
63638,62189
63639,62189
63640,62189
63641,62189
63642,62189
63643,62189
63644,62189
63645,62189
63646,62189
63647,62189
63648,62189
63649,62189
63650,62189
63651,62189
63652,62189
63653,62189
63654,62189
63655,62189
63656,62189
63657,62189
63658,62189
63659,62189
63660,62189
63661,62189
63662,62189
63663,62189
63664,62189
63665,62190
63666,62190
63667,62190
63668,62190
63669,62190
63670,62190
63671,62190
63672,62190
63673,62190
63674,62190
63675,62190
63676,62190
63677,62190
63678,62190
63679,62190
63680,62190
63681,62190
63682,62190
63683,62190
63684,62190
63685,62190
63686,62190
63687,62190
63688,62190
63689,62190
63690,62190
63691,62190
63692,62190
63693,62190
63694,62190
63695,62190
63696,62190
63697,62190
63698,62190
63699,62190
63700,62190
63701,62190
63702,62190
63703,62190
63704,62190
63705,62190
63706,62190
63707,62190
63708,62190
63709,62190
63710,62190
63711,62190
63712,62190
63713,62190
63714,62190
63715,62190
63716,62190
63717,62190
63718,62190
63719,62190
63720,62190
63721,62190
63722,62190
63723,62190
63724,62191
63725,62191
63726,62191
63727,62191
63728,62191
63729,62191
63730,62191
63731,62191
63732,62191
63733,62191
63734,62191
63735,62191
63736,62191
63737,62191
63738,62191
63739,62191
63740,62191
63741,62191
63742,62191
63743,62191
63744,62191
63745,62191
63746,62191
63747,62191
63748,62191
63749,62191
63750,62191
63751,62191
63752,62191
63753,62191
63754,62191
63755,62191
63756,62191
63757,62191
63758,62191
63759,62191
63760,62191
63761,62191
63762,62191
63763,62191
63764,62191
63765,62191
63766,62191
63767,62191
63768,62191
63769,62191
63770,62191
63771,62191
63772,62191
63773,62191
63774,62191
63775,62191
63776,62191
63777,62191
63778,62191
63779,62191
63780,62191
63781,62191
63782,62191
63783,62191
63784,62192
63785,62192
63786,62192
63787,62192
63788,62192
63789,62192
63790,62192
63791,62192
63792,62192
63793,62192
63794,62192
63795,62192
63796,62192
63797,62192
63798,62192
63799,62192
63800,62192
63801,62192
63802,62192
63803,62192
63804,62192
63805,62192
63806,62192
63807,62192
63808,62192
63809,62192
63810,62192
63811,62192
63812,62192
63813,62192
63814,62192
63815,62192
63816,62192
63817,62192
63818,62192
63819,62192
63820,62192
63821,62192
63822,62192
63823,62192
63824,62192
63825,62192
63826,62192
63827,62192
63828,62192
63829,62192
63830,62192
63831,62192
63832,62192
63833,62192
63834,62192
63835,62192
63836,62192
63837,62192
63838,62192
63839,62192
63840,62192
63841,62192
63842,62192
63843,62192
63844,62193
63845,62193
63846,62193
63847,62193
63848,62193
63849,62193
63850,62193
63851,62193
63852,62193
63853,62193
63854,62193
63855,62193
63856,62193
63857,62193
63858,62193
63859,62193
63860,62193
63861,62193
63862,62193
63863,62193
63864,62193
63865,62193
63866,62193
63867,62193
63868,62193
63869,62193
63870,62193
63871,62193
63872,62193
63873,62193
63874,62193
63875,62193
63876,62193
63877,62193
63878,62193
63879,62193
63880,62193
63881,62193
63882,62193
63883,62193
63884,62193
63885,62193
63886,62193
63887,62193
63888,62193
63889,62193
63890,62193
63891,62193
63892,62193
63893,62193
63894,62193
63895,62193
63896,62193
63897,62193
63898,62193
63899,62193
63900,62193
63901,62193
63902,62193
63903,62193
63904,62194
63905,62194
63906,62194
63907,62194
63908,62194
63909,62194
63910,62194
63911,62194
63912,62194
63913,62194
63914,62194
63915,62194
63916,62194
63917,62194
63918,62194
63919,62194
63920,62194
63921,62194
63922,62194
63923,62194
63924,62194
63925,62194
63926,62194
63927,62194
63928,62194
63929,62194
63930,62194
63931,62194
63932,62194
63933,62194
63934,62194
63935,62194
63936,62194
63937,62194
63938,62194
63939,62194
63940,62194
63941,62194
63942,62194
63943,62194
63944,62194
63945,62194
63946,62194
63947,62194
63948,62194
63949,62194
63950,62194
63951,62194
63952,62194
63953,62194
63954,62194
63955,62194
63956,62194
63957,62194
63958,62194
63959,62194
63960,62194
63961,62194
63962,62194
63963,62195
63964,62195
63965,62195
63966,62195
63967,62195
63968,62195
63969,62195
63970,62195
63971,62195
63972,62195
63973,62195
63974,62195
63975,62195
63976,62195
63977,62195
63978,62195
63979,62195
63980,62195
63981,62195
63982,62195
63983,62195
63984,62195
63985,62195
63986,62195
63987,62195
63988,62195
63989,62195
63990,62195
63991,62195
63992,62195
63993,62195
63994,62195
63995,62195
63996,62195
63997,62195
63998,62195
63999,62195
64000,62195
64001,62195
64002,62195
64003,62195
64004,62195
64005,62195
64006,62195
64007,62195
64008,62195
64009,62195
64010,62195
64011,62195
64012,62195
64013,62195
64014,62195
64015,62195
64016,62195
64017,62195
64018,62195
64019,62195
64020,62195
64021,62195
64022,62196
64023,62196
64024,62196
64025,62196
64026,62196
64027,62196
64028,62196
64029,62196
64030,62196
64031,62196
64032,62196
64033,62196
64034,62196
64035,62196
64036,62196
64037,62196
64038,62196
64039,62196
64040,62196
64041,62196
64042,62196
64043,62196
64044,62196
64045,62196
64046,62196
64047,62196
64048,62196
64049,62196
64050,62196
64051,62196
64052,62196
64053,62196
64054,62196
64055,62196
64056,62196
64057,62196
64058,62196
64059,62196
64060,62196
64061,62196
64062,62196
64063,62196
64064,62196
64065,62196
64066,62196
64067,62196
64068,62196
64069,62196
64070,62196
64071,62196
64072,62196
64073,62196
64074,62196
64075,62196
64076,62196
64077,62196
64078,62196
64079,62196
64080,62196
64081,62197
64082,62197
64083,62197
64084,62197
64085,62197
64086,62197
64087,62197
64088,62197
64089,62197
64090,62197
64091,62197
64092,62197
64093,62197
64094,62197
64095,62197
64096,62197
64097,62197
64098,62197
64099,62197
64100,62197
64101,62197
64102,62197
64103,62197
64104,62197
64105,62197
64106,62197
64107,62197
64108,62197
64109,62197
64110,62197
64111,62197
64112,62197
64113,62197
64114,62197
64115,62197
64116,62197
64117,62197
64118,62197
64119,62197
64120,62197
64121,62197
64122,62197
64123,62197
64124,62197
64125,62197
64126,62197
64127,62197
64128,62197
64129,62197
64130,62197
64131,62197
64132,62197
64133,62197
64134,62197
64135,62197
64136,62197
64137,62197
64138,62197
64139,62197
64140,62198
64141,62198
64142,62198
64143,62198
64144,62198
64145,62198
64146,62198
64147,62198
64148,62198
64149,62198
64150,62198
64151,62198
64152,62198
64153,62198
64154,62198
64155,62198
64156,62198
64157,62198
64158,62198
64159,62198
64160,62198
64161,62198
64162,62198
64163,62198
64164,62198
64165,62198
64166,62198
64167,62198
64168,62198
64169,62198
64170,62198
64171,62198
64172,62198
64173,62198
64174,62198
64175,62198
64176,62198
64177,62198
64178,62198
64179,62198
64180,62198
64181,62198
64182,62198
64183,62198
64184,62198
64185,62198
64186,62198
64187,62198
64188,62198
64189,62198
64190,62198
64191,62198
64192,62198
64193,62198
64194,62198
64195,62198
64196,62198
64197,62198
64198,62198
64199,62199
64200,62199
64201,62199
64202,62199
64203,62199
64204,62199
64205,62199
64206,62199
64207,62199
64208,62199
64209,62199
64210,62199
64211,62199
64212,62199
64213,62199
64214,62199
64215,62199
64216,62199
64217,62199
64218,62199
64219,62199
64220,62199
64221,62199
64222,62199
64223,62199
64224,62199
64225,62199
64226,62199
64227,62199
64228,62199
64229,62199
64230,62199
64231,62199
64232,62199
64233,62199
64234,62199
64235,62199
64236,62199
64237,62199
64238,62199
64239,62199
64240,62199
64241,62199
64242,62199
64243,62199
64244,62199
64245,62199
64246,62199
64247,62199
64248,62199
64249,62199
64250,62199
64251,62199
64252,62199
64253,62199
64254,62199
64255,62199
64256,62199
64257,62199
64258,62200
64259,62200
64260,62200
64261,62200
64262,62200
64263,62200
64264,62200
64265,62200
64266,62200
64267,62200
64268,62200
64269,62200
64270,62200
64271,62200
64272,62200
64273,62200
64274,62200
64275,62200
64276,62200
64277,62200
64278,62200
64279,62200
64280,62200
64281,62200
64282,62200
64283,62200
64284,62200
64285,62200
64286,62200
64287,62200
64288,62200
64289,62200
64290,62200
64291,62200
64292,62200
64293,62200
64294,62200
64295,62200
64296,62200
64297,62200
64298,62200
64299,62200
64300,62200
64301,62200
64302,62200
64303,62200
64304,62200
64305,62200
64306,62200
64307,62200
64308,62200
64309,62200
64310,62200
64311,62200
64312,62200
64313,62200
64314,62200
64315,62200
64316,62200
64317,62201
64318,62201
64319,62201
64320,62201
64321,62201
64322,62201
64323,62201
64324,62201
64325,62201
64326,62201
64327,62201
64328,62201
64329,62201
64330,62201
64331,62201
64332,62201
64333,62201
64334,62201
64335,62201
64336,62201
64337,62201
64338,62201
64339,62201
64340,62201
64341,62201
64342,62201
64343,62201
64344,62201
64345,62201
64346,62201
64347,62201
64348,62201
64349,62201
64350,62201
64351,62201
64352,62201
64353,62201
64354,62201
64355,62201
64356,62201
64357,62201
64358,62201
64359,62201
64360,62201
64361,62201
64362,62201
64363,62201
64364,62201
64365,62201
64366,62201
64367,62201
64368,62201
64369,62201
64370,62201
64371,62201
64372,62201
64373,62201
64374,62201
64375,62201
64376,62202
64377,62202
64378,62202
64379,62202
64380,62202
64381,62202
64382,62202
64383,62202
64384,62202
64385,62202
64386,62202
64387,62202
64388,62202
64389,62202
64390,62202
64391,62202
64392,62202
64393,62202
64394,62202
64395,62202
64396,62202
64397,62202
64398,62202
64399,62202
64400,62202
64401,62202
64402,62202
64403,62202
64404,62202
64405,62202
64406,62202
64407,62202
64408,62202
64409,62202
64410,62202
64411,62202
64412,62202
64413,62202
64414,62202
64415,62202
64416,62202
64417,62202
64418,62202
64419,62202
64420,62202
64421,62202
64422,62202
64423,62202
64424,62202
64425,62202
64426,62202
64427,62202
64428,62202
64429,62202
64430,62202
64431,62202
64432,62202
64433,62202
64434,62202
64435,62203
64436,62203
64437,62203
64438,62203
64439,62203
64440,62203
64441,62203
64442,62203
64443,62203
64444,62203
64445,62203
64446,62203
64447,62203
64448,62203
64449,62203
64450,62203
64451,62203
64452,62203
64453,62203
64454,62203
64455,62203
64456,62203
64457,62203
64458,62203
64459,62204
64460,62204
64461,62204
64462,62204
64463,62204
64464,62204
64465,62204
64466,62204
64467,62204
64468,62204
64469,62204
64470,62204
64471,62204
64472,62204
64473,62204
64474,62204
64475,62204
64476,62204
64477,62204
64478,62204
64479,62204
64480,62204
64481,62204
64482,62204
64483,62204
64484,62204
64485,62204
64486,62204
64487,62204
64488,62204
64489,62204
64490,62204
64491,62204
64492,62204
64493,62204
64494,62204
64495,62204
64496,62204
64497,62204
64498,62204
64499,62204
64500,62204
64501,62204
64502,62204
64503,62204
64504,62204
64505,62204
64506,62204
64507,62204
64508,62204
64509,62204
64510,62204
64511,62204
64512,62204
64513,62204
64514,62204
64515,62204
64516,62204
64517,62204
64518,62205
64519,62205
64520,62205
64521,62205
64522,62205
64523,62205
64524,62205
64525,62205
64526,62205
64527,62205
64528,62205
64529,62205
64530,62205
64531,62205
64532,62205
64533,62205
64534,62205
64535,62205
64536,62205
64537,62205
64538,62205
64539,62205
64540,62205
64541,62205
64542,62205
64543,62205
64544,62205
64545,62205
64546,62205
64547,62205
64548,62205
64549,62205
64550,62205
64551,62205
64552,62205
64553,62205
64554,62205
64555,62205
64556,62205
64557,62205
64558,62205
64559,62205
64560,62205
64561,62205
64562,62205
64563,62205
64564,62205
64565,62205
64566,62205
64567,62205
64568,62205
64569,62205
64570,62205
64571,62205
64572,62205
64573,62205
64574,62205
64575,62205
64576,62205
64577,62205
64578,62205
64579,62205
64580,62205
64581,62205
64582,62205
64583,62205
64584,62205
64585,62205
64586,62205
64587,62205
64588,62205
64589,62205
64590,62205
64591,62205
64592,62205
64593,62205
64594,62205
64595,62205
64596,62205
64597,62205
64598,62205
64599,62205
64600,62205
64601,62205
64602,62205
64603,62205
64604,62205
64605,62205
64606,62205
64607,62205
64608,62205
64609,62205
64610,62205
64611,62205
64612,62206
64613,62206
64614,62206
64615,62206
64616,62206
64617,62206
64618,62206
64619,62206
64620,62206
64621,62206
64622,62206
64623,62206
64624,62206
64625,62206
64626,62206
64627,62206
64628,62206
64629,62206
64630,62206
64631,62206
64632,62206
64633,62206
64634,62206
64635,62206
64636,62206
64637,62206
64638,62206
64639,62206
64640,62206
64641,62206
64642,62206
64643,62206
64644,62206
64645,62206
64646,62206
64647,62206
64648,62206
64649,62206
64650,62206
64651,62206
64652,62206
64653,62206
64654,62206
64655,62206
64656,62206
64657,62206
64658,62206
64659,62206
64660,62206
64661,62206
64662,62206
64663,62206
64664,62206
64665,62206
64666,62206
64667,62206
64668,62206
64669,62206
64670,62206
64671,62207
64672,62207
64673,62207
64674,62207
64675,62207
64676,62207
64677,62207
64678,62207
64679,62207
64680,62207
64681,62207
64682,62207
64683,62207
64684,62207
64685,62207
64686,62207
64687,62207
64688,62207
64689,62207
64690,62207
64691,62207
64692,62207
64693,62207
64694,62207
64695,62207
64696,62207
64697,62207
64698,62207
64699,62207
64700,62207
64701,62207
64702,62207
64703,62207
64704,62207
64705,62207
64706,62207
64707,62207
64708,62207
64709,62207
64710,62207
64711,62207
64712,62207
64713,62207
64714,62207
64715,62207
64716,62207
64717,62207
64718,62207
64719,62207
64720,62207
64721,62207
64722,62207
64723,62207
64724,62207
64725,62207
64726,62207
64727,62207
64728,62207
64729,62207
64730,62208
64731,62208
64732,62208
64733,62208
64734,62208
64735,62208
64736,62208
64737,62208
64738,62208
64739,62208
64740,62208
64741,62208
64742,62208
64743,62208
64744,62208
64745,62208
64746,62208
64747,62208
64748,62208
64749,62208
64750,62208
64751,62208
64752,62208
64753,62208
64754,62208
64755,62208
64756,62208
64757,62208
64758,62208
64759,62208
64760,62208
64761,62208
64762,62208
64763,62208
64764,62208
64765,62208
64766,62208
64767,62208
64768,62208
64769,62208
64770,62208
64771,62208
64772,62208
64773,62208
64774,62208
64775,62208
64776,62208
64777,62208
64778,62208
64779,62208
64780,62208
64781,62208
64782,62208
64783,62208
64784,62208
64785,62208
64786,62208
64787,62208
64788,62208
64789,62209
64790,62209
64791,62209
64792,62209
64793,62209
64794,62209
64795,62209
64796,62209
64797,62209
64798,62209
64799,62209
64800,62209
64801,62209
64802,62209
64803,62209
64804,62209
64805,62209
64806,62209
64807,62209
64808,62209
64809,62209
64810,62209
64811,62209
64812,62209
64813,62209
64814,62209
64815,62209
64816,62209
64817,62209
64818,62209
64819,62209
64820,62209
64821,62209
64822,62209
64823,62209
64824,62209
64825,62209
64826,62209
64827,62209
64828,62209
64829,62209
64830,62209
64831,62209
64832,62209
64833,62209
64834,62209
64835,62209
64836,62209
64837,62209
64838,62209
64839,62209
64840,62209
64841,62209
64842,62209
64843,62209
64844,62209
64845,62209
64846,62209
64847,62209
64848,62210
64849,62210
64850,62210
64851,62210
64852,62210
64853,62210
64854,62210
64855,62210
64856,62210
64857,62210
64858,62210
64859,62210
64860,62210
64861,62210
64862,62210
64863,62210
64864,62210
64865,62210
64866,62210
64867,62210
64868,62210
64869,62210
64870,62210
64871,62210
64872,62210
64873,62210
64874,62210
64875,62210
64876,62210
64877,62210
64878,62210
64879,62210
64880,62210
64881,62210
64882,62210
64883,62210
64884,62210
64885,62210
64886,62210
64887,62210
64888,62210
64889,62210
64890,62210
64891,62210
64892,62210
64893,62210
64894,62210
64895,62210
64896,62210
64897,62210
64898,62210
64899,62210
64900,62210
64901,62210
64902,62210
64903,62210
64904,62210
64905,62210
64906,62210
64907,62211
64908,62211
64909,62211
64910,62211
64911,62211
64912,62211
64913,62211
64914,62211
64915,62211
64916,62211
64917,62211
64918,62211
64919,62211
64920,62211
64921,62211
64922,62211
64923,62211
64924,62211
64925,62211
64926,62211
64927,62211
64928,62211
64929,62211
64930,62211
64931,62211
64932,62211
64933,62211
64934,62211
64935,62211
64936,62211
64937,62211
64938,62211
64939,62211
64940,62211
64941,62211
64942,62211
64943,62211
64944,62211
64945,62211
64946,62211
64947,62211
64948,62211
64949,62211
64950,62211
64951,62211
64952,62211
64953,62211
64954,62211
64955,62211
64956,62211
64957,62211
64958,62211
64959,62211
64960,62211
64961,62211
64962,62211
64963,62211
64964,62211
64965,62211
64966,62212
64967,62212
64968,62212
64969,62212
64970,62212
64971,62212
64972,62212
64973,62212
64974,62212
64975,62212
64976,62212
64977,62212
64978,62212
64979,62212
64980,62212
64981,62212
64982,62212
64983,62212
64984,62212
64985,62212
64986,62212
64987,62212
64988,62212
64989,62212
64990,62212
64991,62212
64992,62212
64993,62212
64994,62212
64995,62212
64996,62212
64997,62212
64998,62212
64999,62212
65000,62212
65001,62212
65002,62212
65003,62212
65004,62212
65005,62212
65006,62212
65007,62212
65008,62212
65009,62212
65010,62212
65011,62212
65012,62212
65013,62212
65014,62212
65015,62212
65016,62212
65017,62212
65018,62212
65019,62212
65020,62212
65021,62212
65022,62212
65023,62212
65024,62212
65025,62213
65026,62213
65027,62213
65028,62213
65029,62213
65030,62213
65031,62213
65032,62213
65033,62213
65034,62213
65035,62213
65036,62213
65037,62213
65038,62213
65039,62213
65040,62213
65041,62213
65042,62213
65043,62213
65044,62213
65045,62213
65046,62213
65047,62213
65048,62213
65049,62213
65050,62213
65051,62213
65052,62213
65053,62213
65054,62213
65055,62213
65056,62213
65057,62213
65058,62213
65059,62213
65060,62213
65061,62213
65062,62213
65063,62213
65064,62213
65065,62213
65066,62213
65067,62213
65068,62213
65069,62213
65070,62213
65071,62213
65072,62213
65073,62213
65074,62213
65075,62213
65076,62213
65077,62213
65078,62213
65079,62213
65080,62213
65081,62213
65082,62213
65083,62213
65084,62214
65085,62214
65086,62214
65087,62214
65088,62214
65089,62214
65090,62214
65091,62214
65092,62214
65093,62214
65094,62214
65095,62214
65096,62214
65097,62214
65098,62214
65099,62214
65100,62214
65101,62214
65102,62214
65103,62214
65104,62214
65105,62214
65106,62214
65107,62214
65108,62214
65109,62214
65110,62214
65111,62214
65112,62214
65113,62214
65114,62214
65115,62214
65116,62214
65117,62214
65118,62214
65119,62214
65120,62214
65121,62214
65122,62214
65123,62214
65124,62214
65125,62214
65126,62214
65127,62214
65128,62214
65129,62214
65130,62214
65131,62214
65132,62214
65133,62214
65134,62214
65135,62214
65136,62214
65137,62214
65138,62214
65139,62214
65140,62214
65141,62214
65142,62214
65143,62215
65144,62215
65145,62215
65146,62215
65147,62215
65148,62215
65149,62215
65150,62215
65151,62215
65152,62215
65153,62215
65154,62215
65155,62215
65156,62215
65157,62215
65158,62215
65159,62215
65160,62215
65161,62215
65162,62215
65163,62215
65164,62215
65165,62215
65166,62215
65167,62215
65168,62215
65169,62215
65170,62215
65171,62215
65172,62215
65173,62215
65174,62215
65175,62215
65176,62215
65177,62215
65178,62215
65179,62215
65180,62215
65181,62215
65182,62215
65183,62215
65184,62215
65185,62215
65186,62215
65187,62215
65188,62215
65189,62215
65190,62215
65191,62215
65192,62215
65193,62215
65194,62215
65195,62216
65196,62216
65197,62216
65198,62216
65199,62216
65200,62216
65201,62216
65202,62216
65203,62216
65204,62216
65205,62216
65206,62216
65207,62216
65208,62216
65209,62216
65210,62216
65211,62216
65212,62216
65213,62216
65214,62216
65215,62216
65216,62216
65217,62216
65218,62216
65219,62216
65220,62216
65221,62216
65222,62216
65223,62216
65224,62216
65225,62216
65226,62216
65227,62216
65228,62216
65229,62216
65230,62216
65231,62216
65232,62216
65233,62216
65234,62216
65235,62216
65236,62216
65237,62216
65238,62216
65239,62216
65240,62216
65241,62216
65242,62216
65243,62216
65244,62216
65245,62216
65246,62216
65247,62216
65248,62216
65249,62216
65250,62216
65251,62216
65252,62216
65253,62216
65254,62216
65255,62216
65256,62216
65257,62216
65258,62216
65259,62216
65260,62216
65261,62217
65262,62217
65263,62217
65264,62217
65265,62217
65266,62217
65267,62217
65268,62217
65269,62217
65270,62217
65271,62217
65272,62217
65273,62217
65274,62217
65275,62217
65276,62217
65277,62217
65278,62217
65279,62217
65280,62217
65281,62217
65282,62217
65283,62217
65284,62217
65285,62217
65286,62217
65287,62217
65288,62217
65289,62217
65290,62217
65291,62217
65292,62217
65293,62217
65294,62217
65295,62217
65296,62217
65297,62217
65298,62217
65299,62217
65300,62217
65301,62217
65302,62217
65303,62217
65304,62217
65305,62217
65306,62217
65307,62217
65308,62217
65309,62217
65310,62217
65311,62217
65312,62217
65313,62217
65314,62217
65315,62217
65316,62217
65317,62217
65318,62217
65319,62217
65320,62218
65321,62218
65322,62218
65323,62218
65324,62218
65325,62218
65326,62218
65327,62218
65328,62218
65329,62218
65330,62218
65331,62218
65332,62218
65333,62218
65334,62218
65335,62218
65336,62218
65337,62218
65338,62218
65339,62218
65340,62218
65341,62218
65342,62218
65343,62218
65344,62218
65345,62218
65346,62218
65347,62218
65348,62218
65349,62218
65350,62218
65351,62218
65352,62218
65353,62218
65354,62218
65355,62218
65356,62218
65357,62218
65358,62218
65359,62218
65360,62218
65361,62218
65362,62218
65363,62218
65364,62218
65365,62218
65366,62218
65367,62218
65368,62218
65369,62218
65370,62218
65371,62218
65372,62218
65373,62218
65374,62218
65375,62218
65376,62218
65377,62218
65378,62218
65379,62219
65380,62219
65381,62219
65382,62219
65383,62219
65384,62219
65385,62219
65386,62219
65387,62219
65388,62219
65389,62219
65390,62219
65391,62219
65392,62219
65393,62219
65394,62219
65395,62219
65396,62219
65397,62219
65398,62219
65399,62219
65400,62219
65401,62219
65402,62219
65403,62219
65404,62219
65405,62219
65406,62219
65407,62219
65408,62219
65409,62219
65410,62219
65411,62219
65412,62219
65413,62219
65414,62219
65415,62219
65416,62219
65417,62219
65418,62219
65419,62219
65420,62219
65421,62219
65422,62219
65423,62219
65424,62219
65425,62219
65426,62219
65427,62219
65428,62219
65429,62219
65430,62219
65431,62219
65432,62219
65433,62219
65434,62219
65435,62219
65436,62219
65437,62219
65438,62220
65439,62220
65440,62220
65441,62220
65442,62220
65443,62220
65444,62220
65445,62220
65446,62220
65447,62220
65448,62220
65449,62220
65450,62220
65451,62220
65452,62220
65453,62220
65454,62220
65455,62220
65456,62220
65457,62220
65458,62220
65459,62220
65460,62220
65461,62220
65462,62220
65463,62220
65464,62220
65465,62220
65466,62220
65467,62220
65468,62220
65469,62220
65470,62220
65471,62220
65472,62220
65473,62220
65474,62220
65475,62220
65476,62220
65477,62220
65478,62220
65479,62220
65480,62220
65481,62220
65482,62220
65483,62220
65484,62220
65485,62220
65486,62220
65487,62220
65488,62220
65489,62220
65490,62220
65491,62220
65492,62220
65493,62220
65494,62220
65495,62220
65496,62220
65497,62221
65498,62221
65499,62221
65500,62221
65501,62221
65502,62221
65503,62221
65504,62221
65505,62221
65506,62221
65507,62221
65508,62221
65509,62221
65510,62221
65511,62221
65512,62221
65513,62221
65514,62221
65515,62221
65516,62221
65517,62221
65518,62221
65519,62221
65520,62221
65521,62221
65522,62221
65523,62221
65524,62221
65525,62221
65526,62221
65527,62221
65528,62221
65529,62221
65530,62221
65531,62221
65532,62221
65533,62221
65534,62221
65535,62221
65536,62221
65537,62221
65538,62221
65539,62221
65540,62221
65541,62221
65542,62221
65543,62221
65544,62221
65545,62221
65546,62221
65547,62221
65548,62221
65549,62221
65550,62221
65551,62221
65552,62221
65553,62221
65554,62221
65555,62221
65556,62222
65557,62222
65558,62222
65559,62222
65560,62222
65561,62222
65562,62222
65563,62222
65564,62222
65565,62222
65566,62222
65567,62222
65568,62222
65569,62222
65570,62222
65571,62222
65572,62222
65573,62222
65574,62222
65575,62222
65576,62222
65577,62222
65578,62222
65579,62222
65580,62222
65581,62222
65582,62222
65583,62222
65584,62222
65585,62222
65586,62222
65587,62222
65588,62222
65589,62222
65590,62222
65591,62222
65592,62222
65593,62222
65594,62222
65595,62222
65596,62222
65597,62222
65598,62222
65599,62222
65600,62222
65601,62222
65602,62222
65603,62222
65604,62222
65605,62222
65606,62222
65607,62222
65608,62222
65609,62222
65610,62222
65611,62222
65612,62222
65613,62222
65614,62222
65615,62223
65616,62223
65617,62223
65618,62223
65619,62223
65620,62223
65621,62223
65622,62223
65623,62223
65624,62223
65625,62223
65626,62223
65627,62223
65628,62223
65629,62223
65630,62223
65631,62223
65632,62223
65633,62223
65634,62223
65635,62223
65636,62223
65637,62223
65638,62223
65639,62223
65640,62223
65641,62223
65642,62223
65643,62223
65644,62223
65645,62223
65646,62223
65647,62223
65648,62223
65649,62223
65650,62223
65651,62223
65652,62223
65653,62223
65654,62223
65655,62223
65656,62223
65657,62223
65658,62223
65659,62223
65660,62223
65661,62223
65662,62223
65663,62223
65664,62223
65665,62223
65666,62223
65667,62223
65668,62223
65669,62223
65670,62223
65671,62223
65672,62223
65673,62223
65674,62224
65675,62224
65676,62224
65677,62224
65678,62224
65679,62224
65680,62224
65681,62224
65682,62224
65683,62224
65684,62224
65685,62224
65686,62224
65687,62224
65688,62224
65689,62224
65690,62224
65691,62224
65692,62224
65693,62224
65694,62224
65695,62224
65696,62224
65697,62224
65698,62224
65699,62224
65700,62224
65701,62224
65702,62224
65703,62224
65704,62224
65705,62224
65706,62224
65707,62224
65708,62224
65709,62224
65710,62224
65711,62224
65712,62224
65713,62224
65714,62224
65715,62224
65716,62224
65717,62224
65718,62224
65719,62224
65720,62224
65721,62224
65722,62224
65723,62224
65724,62224
65725,62224
65726,62224
65727,62224
65728,62224
65729,62224
65730,62224
65731,62224
65732,62224
65733,62225
65734,62225
65735,62225
65736,62225
65737,62225
65738,62225
65739,62225
65740,62225
65741,62225
65742,62225
65743,62225
65744,62225
65745,62225
65746,62225
65747,62225
65748,62225
65749,62225
65750,62225
65751,62225
65752,62225
65753,62225
65754,62225
65755,62225
65756,62225
65757,62225
65758,62225
65759,62225
65760,62225
65761,62225
65762,62225
65763,62225
65764,62225
65765,62225
65766,62225
65767,62225
65768,62225
65769,62225
65770,62225
65771,62225
65772,62225
65773,62225
65774,62225
65775,62225
65776,62225
65777,62225
65778,62225
65779,62225
65780,62225
65781,62225
65782,62225
65783,62225
65784,62225
65785,62225
65786,62225
65787,62225
65788,62225
65789,62225
65790,62225
65791,62225
65792,62226
65793,62226
65794,62226
65795,62226
65796,62226
65797,62226
65798,62226
65799,62226
65800,62226
65801,62226
65802,62226
65803,62226
65804,62226
65805,62226
65806,62226
65807,62226
65808,62226
65809,62226
65810,62226
65811,62226
65812,62226
65813,62226
65814,62226
65815,62226
65816,62226
65817,62226
65818,62226
65819,62226
65820,62226
65821,62226
65822,62226
65823,62226
65824,62226
65825,62226
65826,62226
65827,62226
65828,62226
65829,62226
65830,62226
65831,62226
65832,62226
65833,62226
65834,62226
65835,62226
65836,62226
65837,62226
65838,62226
65839,62226
65840,62226
65841,62226
65842,62226
65843,62226
65844,62226
65845,62226
65846,62226
65847,62226
65848,62226
65849,62226
65850,62226
65851,62227
65852,62227
65853,62227
65854,62227
65855,62227
65856,62227
65857,62227
65858,62227
65859,62227
65860,62227
65861,62227
65862,62227
65863,62227
65864,62227
65865,62227
65866,62227
65867,62227
65868,62227
65869,62227
65870,62227
65871,62227
65872,62227
65873,62227
65874,62227
65875,62227
65876,62227
65877,62227
65878,62227
65879,62227
65880,62227
65881,62227
65882,62227
65883,62227
65884,62227
65885,62227
65886,62227
65887,62227
65888,62227
65889,62227
65890,62227
65891,62227
65892,62227
65893,62227
65894,62227
65895,62227
65896,62227
65897,62227
65898,62227
65899,62227
65900,62227
65901,62227
65902,62227
65903,62227
65904,62227
65905,62227
65906,62227
65907,62227
65908,62227
65909,62227
65910,62227
65911,62228
65912,62228
65913,62228
65914,62228
65915,62228
65916,62228
65917,62228
65918,62228
65919,62228
65920,62228
65921,62228
65922,62228
65923,62228
65924,62228
65925,62228
65926,62228
65927,62228
65928,62228
65929,62228
65930,62228
65931,62228
65932,62228
65933,62228
65934,62228
65935,62228
65936,62228
65937,62228
65938,62228
65939,62228
65940,62228
65941,62228
65942,62228
65943,62228
65944,62228
65945,62228
65946,62228
65947,62228
65948,62228
65949,62228
65950,62228
65951,62228
65952,62228
65953,62228
65954,62228
65955,62228
65956,62228
65957,62228
65958,62228
65959,62228
65960,62228
65961,62228
65962,62228
65963,62228
65964,62228
65965,62228
65966,62228
65967,62228
65968,62228
65969,62228
65970,62229
65971,62229
65972,62229
65973,62229
65974,62229
65975,62229
65976,62229
65977,62229
65978,62229
65979,62229
65980,62229
65981,62229
65982,62229
65983,62229
65984,62229
65985,62229
65986,62229
65987,62229
65988,62229
65989,62229
65990,62229
65991,62229
65992,62229
65993,62229
65994,62229
65995,62229
65996,62229
65997,62229
65998,62229
65999,62229
66000,62229
66001,62229
66002,62229
66003,62229
66004,62229
66005,62229
66006,62229
66007,62229
66008,62229
66009,62229
66010,62229
66011,62229
66012,62229
66013,62229
66014,62229
66015,62229
66016,62229
66017,62229
66018,62229
66019,62229
66020,62229
66021,62229
66022,62229
66023,62229
66024,62229
66025,62229
66026,62229
66027,62229
66028,62229
66029,62230
66030,62230
66031,62230
66032,62230
66033,62230
66034,62230
66035,62230
66036,62230
66037,62230
66038,62230
66039,62230
66040,62230
66041,62230
66042,62230
66043,62230
66044,62230
66045,62230
66046,62230
66047,62230
66048,62230
66049,62230
66050,62230
66051,62230
66052,62230
66053,62230
66054,62230
66055,62230
66056,62230
66057,62230
66058,62230
66059,62230
66060,62230
66061,62230
66062,62230
66063,62230
66064,62230
66065,62230
66066,62230
66067,62230
66068,62230
66069,62230
66070,62230
66071,62230
66072,62230
66073,62230
66074,62230
66075,62230
66076,62230
66077,62230
66078,62230
66079,62230
66080,62230
66081,62230
66082,62230
66083,62230
66084,62230
66085,62230
66086,62230
66087,62230
66088,62231
66089,62231
66090,62231
66091,62231
66092,62231
66093,62231
66094,62231
66095,62231
66096,62231
66097,62231
66098,62231
66099,62231
66100,62231
66101,62231
66102,62231
66103,62231
66104,62231
66105,62231
66106,62231
66107,62231
66108,62231
66109,62231
66110,62231
66111,62231
66112,62231
66113,62231
66114,62231
66115,62231
66116,62231
66117,62231
66118,62231
66119,62231
66120,62231
66121,62231
66122,62231
66123,62231
66124,62231
66125,62231
66126,62231
66127,62231
66128,62231
66129,62231
66130,62231
66131,62231
66132,62231
66133,62231
66134,62231
66135,62231
66136,62231
66137,62231
66138,62231
66139,62231
66140,62231
66141,62231
66142,62231
66143,62231
66144,62231
66145,62231
66146,62231
66147,62232
66148,62232
66149,62232
66150,62232
66151,62232
66152,62232
66153,62232
66154,62232
66155,62232
66156,62232
66157,62232
66158,62232
66159,62232
66160,62232
66161,62232
66162,62232
66163,62232
66164,62232
66165,62232
66166,62232
66167,62232
66168,62232
66169,62232
66170,62232
66171,62232
66172,62232
66173,62232
66174,62232
66175,62232
66176,62232
66177,62232
66178,62232
66179,62232
66180,62232
66181,62232
66182,62232
66183,62232
66184,62232
66185,62232
66186,62232
66187,62232
66188,62232
66189,62232
66190,62232
66191,62232
66192,62232
66193,62232
66194,62232
66195,62232
66196,62232
66197,62232
66198,62232
66199,62232
66200,62232
66201,62232
66202,62232
66203,62232
66204,62232
66205,62232
66206,62233
66207,62233
66208,62233
66209,62233
66210,62233
66211,62233
66212,62233
66213,62233
66214,62233
66215,62233
66216,62233
66217,62233
66218,62233
66219,62233
66220,62233
66221,62233
66222,62233
66223,62233
66224,62233
66225,62233
66226,62233
66227,62233
66228,62233
66229,62233
66230,62233
66231,62233
66232,62233
66233,62233
66234,62233
66235,62233
66236,62233
66237,62233
66238,62233
66239,62233
66240,62233
66241,62233
66242,62233
66243,62233
66244,62233
66245,62233
66246,62233
66247,62233
66248,62233
66249,62233
66250,62233
66251,62233
66252,62233
66253,62233
66254,62233
66255,62233
66256,62233
66257,62233
66258,62233
66259,62233
66260,62233
66261,62233
66262,62233
66263,62233
66264,62233
66265,62234
66266,62234
66267,62234
66268,62234
66269,62234
66270,62234
66271,62234
66272,62234
66273,62234
66274,62234
66275,62234
66276,62234
66277,62234
66278,62234
66279,62234
66280,62234
66281,62234
66282,62234
66283,62234
66284,62234
66285,62234
66286,62234
66287,62234
66288,62234
66289,62234
66290,62234
66291,62234
66292,62234
66293,62234
66294,62234
66295,62234
66296,62234
66297,62234
66298,62234
66299,62234
66300,62234
66301,62234
66302,62234
66303,62234
66304,62234
66305,62234
66306,62234
66307,62234
66308,62234
66309,62234
66310,62234
66311,62234
66312,62234
66313,62234
66314,62234
66315,62234
66316,62234
66317,62234
66318,62234
66319,62234
66320,62234
66321,62234
66322,62234
66323,62234
66324,62235
66325,62235
66326,62235
66327,62235
66328,62235
66329,62235
66330,62235
66331,62235
66332,62235
66333,62235
66334,62235
66335,62235
66336,62235
66337,62235
66338,62235
66339,62235
66340,62235
66341,62235
66342,62235
66343,62235
66344,62235
66345,62235
66346,62235
66347,62235
66348,62235
66349,62235
66350,62235
66351,62235
66352,62235
66353,62235
66354,62235
66355,62235
66356,62235
66357,62235
66358,62235
66359,62235
66360,62235
66361,62235
66362,62235
66363,62235
66364,62235
66365,62235
66366,62235
66367,62235
66368,62235
66369,62235
66370,62235
66371,62235
66372,62235
66373,62235
66374,62235
66375,62235
66376,62235
66377,62235
66378,62235
66379,62235
66380,62235
66381,62235
66382,62235
66383,62236
66384,62236
66385,62236
66386,62236
66387,62236
66388,62236
66389,62236
66390,62236
66391,62236
66392,62236
66393,62236
66394,62236
66395,62236
66396,62236
66397,62236
66398,62236
66399,62236
66400,62236
66401,62236
66402,62236
66403,62236
66404,62236
66405,62236
66406,62236
66407,62236
66408,62236
66409,62236
66410,62236
66411,62236
66412,62236
66413,62236
66414,62236
66415,62236
66416,62236
66417,62236
66418,62236
66419,62236
66420,62236
66421,62236
66422,62236
66423,62236
66424,62236
66425,62236
66426,62236
66427,62236
66428,62236
66429,62236
66430,62236
66431,62236
66432,62236
66433,62236
66434,62236
66435,62236
66436,62236
66437,62236
66438,62236
66439,62236
66440,62236
66441,62236
66442,62237
66443,62237
66444,62237
66445,62237
66446,62237
66447,62237
66448,62237
66449,62237
66450,62237
66451,62237
66452,62237
66453,62237
66454,62237
66455,62237
66456,62237
66457,62237
66458,62237
66459,62237
66460,62237
66461,62237
66462,62237
66463,62237
66464,62237
66465,62237
66466,62237
66467,62237
66468,62237
66469,62237
66470,62237
66471,62237
66472,62237
66473,62237
66474,62237
66475,62237
66476,62237
66477,62237
66478,62237
66479,62237
66480,62237
66481,62237
66482,62237
66483,62237
66484,62237
66485,62237
66486,62237
66487,62237
66488,62237
66489,62237
66490,62237
66491,62237
66492,62237
66493,62237
66494,62237
66495,62237
66496,62237
66497,62237
66498,62237
66499,62237
66500,62237
66501,62238
66502,62238
66503,62238
66504,62238
66505,62238
66506,62238
66507,62238
66508,62238
66509,62238
66510,62238
66511,62238
66512,62238
66513,62238
66514,62238
66515,62238
66516,62238
66517,62238
66518,62238
66519,62238
66520,62238
66521,62238
66522,62238
66523,62238
66524,62238
66525,62238
66526,62238
66527,62238
66528,62238
66529,62238
66530,62238
66531,62238
66532,62238
66533,62238
66534,62238
66535,62238
66536,62238
66537,62238
66538,62238
66539,62238
66540,62238
66541,62238
66542,62238
66543,62238
66544,62238
66545,62238
66546,62238
66547,62238
66548,62238
66549,62238
66550,62238
66551,62238
66552,62238
66553,62238
66554,62238
66555,62238
66556,62238
66557,62238
66558,62238
66559,62238
66560,62239
66561,62239
66562,62239
66563,62239
66564,62239
66565,62239
66566,62239
66567,62239
66568,62239
66569,62239
66570,62239
66571,62239
66572,62239
66573,62239
66574,62239
66575,62239
66576,62239
66577,62239
66578,62239
66579,62239
66580,62239
66581,62239
66582,62239
66583,62239
66584,62239
66585,62239
66586,62239
66587,62239
66588,62239
66589,62239
66590,62239
66591,62239
66592,62239
66593,62239
66594,62239
66595,62239
66596,62239
66597,62239
66598,62239
66599,62239
66600,62239
66601,62239
66602,62239
66603,62239
66604,62239
66605,62239
66606,62239
66607,62239
66608,62239
66609,62239
66610,62239
66611,62239
66612,62239
66613,62239
66614,62239
66615,62239
66616,62239
66617,62239
66618,62239
66619,62240
66620,62240
66621,62240
66622,62240
66623,62240
66624,62240
66625,62240
66626,62240
66627,62240
66628,62240
66629,62240
66630,62240
66631,62240
66632,62240
66633,62240
66634,62240
66635,62240
66636,62240
66637,62240
66638,62240
66639,62240
66640,62240
66641,62240
66642,62240
66643,62240
66644,62240
66645,62240
66646,62240
66647,62240
66648,62240
66649,62240
66650,62240
66651,62240
66652,62240
66653,62240
66654,62240
66655,62240
66656,62240
66657,62240
66658,62240
66659,62240
66660,62240
66661,62240
66662,62240
66663,62240
66664,62240
66665,62240
66666,62240
66667,62240
66668,62240
66669,62240
66670,62240
66671,62240
66672,62240
66673,62240
66674,62240
66675,62240
66676,62240
66677,62240
66678,62241
66679,62241
66680,62241
66681,62241
66682,62241
66683,62241
66684,62241
66685,62241
66686,62241
66687,62241
66688,62241
66689,62241
66690,62241
66691,62241
66692,62241
66693,62241
66694,62241
66695,62241
66696,62241
66697,62241
66698,62241
66699,62241
66700,62241
66701,62241
66702,62241
66703,62241
66704,62241
66705,62241
66706,62241
66707,62241
66708,62241
66709,62241
66710,62241
66711,62241
66712,62241
66713,62241
66714,62241
66715,62241
66716,62241
66717,62241
66718,62241
66719,62241
66720,62241
66721,62241
66722,62241
66723,62241
66724,62241
66725,62241
66726,62241
66727,62241
66728,62241
66729,62241
66730,62241
66731,62241
66732,62241
66733,62241
66734,62241
66735,62241
66736,62241
66737,62241
66738,62242
66739,62242
66740,62242
66741,62242
66742,62242
66743,62242
66744,62242
66745,62242
66746,62242
66747,62242
66748,62242
66749,62242
66750,62242
66751,62242
66752,62242
66753,62242
66754,62242
66755,62242
66756,62242
66757,62242
66758,62242
66759,62242
66760,62242
66761,62242
66762,62242
66763,62242
66764,62242
66765,62242
66766,62242
66767,62242
66768,62242
66769,62242
66770,62242
66771,62242
66772,62242
66773,62242
66774,62242
66775,62242
66776,62242
66777,62242
66778,62242
66779,62242
66780,62242
66781,62242
66782,62242
66783,62242
66784,62242
66785,62242
66786,62242
66787,62242
66788,62242
66789,62242
66790,62242
66791,62242
66792,62242
66793,62242
66794,62242
66795,62242
66796,62242
66797,62242
66798,62243
66799,62243
66800,62243
66801,62243
66802,62243
66803,62243
66804,62243
66805,62243
66806,62243
66807,62243
66808,62243
66809,62243
66810,62243
66811,62243
66812,62243
66813,62243
66814,62243
66815,62243
66816,62243
66817,62243
66818,62243
66819,62243
66820,62243
66821,62243
66822,62243
66823,62243
66824,62243
66825,62243
66826,62243
66827,62243
66828,62243
66829,62243
66830,62243
66831,62243
66832,62243
66833,62243
66834,62243
66835,62243
66836,62243
66837,62243
66838,62243
66839,62243
66840,62243
66841,62243
66842,62243
66843,62243
66844,62243
66845,62243
66846,62243
66847,62243
66848,62243
66849,62243
66850,62243
66851,62243
66852,62243
66853,62243
66854,62243
66855,62243
66856,62243
66857,62243
66858,62244
66859,62244
66860,62244
66861,62244
66862,62244
66863,62244
66864,62244
66865,62244
66866,62244
66867,62244
66868,62244
66869,62244
66870,62244
66871,62244
66872,62244
66873,62244
66874,62244
66875,62244
66876,62244
66877,62244
66878,62244
66879,62244
66880,62244
66881,62244
66882,62244
66883,62244
66884,62244
66885,62244
66886,62244
66887,62244
66888,62244
66889,62244
66890,62244
66891,62244
66892,62244
66893,62244
66894,62244
66895,62244
66896,62244
66897,62244
66898,62244
66899,62244
66900,62244
66901,62244
66902,62244
66903,62244
66904,62244
66905,62244
66906,62244
66907,62244
66908,62244
66909,62244
66910,62244
66911,62244
66912,62244
66913,62244
66914,62244
66915,62244
66916,62244
66917,62245
66918,62245
66919,62245
66920,62245
66921,62245
66922,62245
66923,62245
66924,62245
66925,62245
66926,62245
66927,62245
66928,62245
66929,62245
66930,62245
66931,62245
66932,62245
66933,62245
66934,62245
66935,62245
66936,62245
66937,62245
66938,62245
66939,62245
66940,62245
66941,62245
66942,62245
66943,62245
66944,62245
66945,62245
66946,62245
66947,62245
66948,62245
66949,62245
66950,62245
66951,62245
66952,62245
66953,62245
66954,62245
66955,62245
66956,62245
66957,62245
66958,62245
66959,62245
66960,62245
66961,62245
66962,62245
66963,62245
66964,62245
66965,62245
66966,62245
66967,62245
66968,62245
66969,62245
66970,62245
66971,62245
66972,62245
66973,62245
66974,62245
66975,62245
66976,62246
66977,62246
66978,62246
66979,62246
66980,62246
66981,62246
66982,62246
66983,62246
66984,62246
66985,62246
66986,62246
66987,62246
66988,62246
66989,62246
66990,62246
66991,62246
66992,62246
66993,62246
66994,62246
66995,62246
66996,62246
66997,62246
66998,62246
66999,62246
67000,62246
67001,62246
67002,62246
67003,62246
67004,62246
67005,62246
67006,62246
67007,62246
67008,62246
67009,62246
67010,62246
67011,62246
67012,62246
67013,62246
67014,62246
67015,62246
67016,62246
67017,62246
67018,62246
67019,62246
67020,62246
67021,62246
67022,62246
67023,62246
67024,62246
67025,62246
67026,62246
67027,62246
67028,62246
67029,62246
67030,62246
67031,62246
67032,62246
67033,62246
67034,62246
67035,62173
67036,62176
67037,62179
67038,62182
67039,62185
67040,62188
67041,62191
67042,62194
67043,62197
67044,62200
67045,62203
67046,62206
67047,62209
67048,62212
67049,62215
67050,62218
67051,62221
67052,62224
67053,62227
67054,62229
67055,62232
67056,62235
67057,62238
67058,62241
67059,62244
